pattern,trades,win_rate,avg_return,total_pnl_usd
RUSH_VOLUME,180,0.43333333333333335,0.01018520293339847,183.33365280117243
BUILT_VOLUME,700,0.39,0.0023485940632439256,164.40158442707482
VOLUME_PIT,130,0.46923076923076923,0.011485903356924261,149.3167436400154
