signal,trades,gross_pnl,cost,pnl,avg_return
B_趨勢回踩型,10,0.6729999999999998,0.35000000000000003,0.3229999999999995,0.013459999999999996
