signal,trades,pnl,avg_return
B_趨勢回踩型,10,0.6729999999999998,0.013459999999999996
