signal,trades,gross_pnl,cost,pnl,avg_return
A_回撤反彈型,380,1.8339999999999939,13.3,-11.466000000000015,0.0009652631578947353
B_趨勢回踩型,1526,66.75849999999998,53.410000000000004,13.348499999999945,0.008749475753604193
